<?xml version="1.0" encoding="UTF-8"?>

<!DOCTYPE struts-config PUBLIC
  "-//Apache Software Foundation//DTD Struts Configuration 1.2//EN"
  "http://struts.apache.org/dtds/struts-config_1_2.dtd">

<struts-config>
    <controller processorClass="org.apache.struts.tiles.TilesRequestProcessor"/>
    <plug-in className="org.apache.struts.tiles.TilesPlugin">
        <set-property property="definitions-config" value="/WEB-INF/tiles-defs.xml"/>
    </plug-in>
    
    <action-mappings>
        
    <action path="/persianCalendar" type="com.nima.calendar.action.ShowCalendar">
           <forward name="SUCCESS" path="/pages/calendar.jsp" />
    </action>

    </action-mappings>
</struts-config>